<?xml version="1.0" encoding="UTF-8"?>
<Configuration status="WARN">
	<Properties>
		<Property name="rootLogPath">./target/logs</Property>
	</Properties>
	<Appenders>
		<Console name="Console" target="SYSTEM_OUT">
			<PatternLayout
				pattern="%d{yyyy-MM-dd HH:mm:ss} [%t] %-5level %30c{1.} - %msg%n" />
		</Console>
		<File name="appLog" fileName="${rootLogPath}/test.log">
			<PatternLayout
				pattern="%d{yyyy-MM-dd HH:mm:ss} [%t] %-5level %30c{1.} - %msg%n" />
		</File>
		<Async name="AsyncFile">
			<AppenderRef ref="appLog" />
		</Async>
	</Appenders>
	<Loggers>
		<Logger name="id.ac.sgu" level="TRACE" />
		<Root level="ERROR">
			<AppenderRef ref="Console" />
			<AppenderRef ref="AsyncFile" />
		</Root>
	</Loggers>
</Configuration>